surname,name,middlename,birthday,work_start_dt,work_exp
Авдеева,Елизавета,Николаевна,,,
Агафонов,Фёдор,Максимович,,,
Акимова,Анна,Марковна,,,
Аксенов,Тимур,Никитич,,,
Андреев,Михаил,Вадимович,,,
Андреева,Карина,Романовна,,,
Белова,София,Марковна,,,
Белоусов,Кирилл,Сергеевич,,,
Быков,Захар,Макарович,,,
Быкова,Милана,Матвеевна,,,
Васильев,Александр,Иванович,,,
Волков,Даниил,Кириллович,,,
Воробьев,Лев,Ильич,,,
Высоцкий,Савелий,Дмитриевич,,,
Гаврилов,Олег,Кириллович,,,
Гаврилов,Степан,Михайлович,,,
Горбачев,Даниил,Глебович,,,
Горбунов,Артемий,Александрович,,,
Гусев,Глеб,Артемьевич,,,
Давыдов,Ярослав,Александрович,,,
Данилова,Вероника,Алексеевна,,,
Демидов,Макар,Егорович,,,
Ежова,Кристина,Елисеевна,,,
Елисеев,Максим,Лукич,,,
Еремин,Богдан,Егорович,,,
Жилин,Михаил,Андреевич,,,
Зайцев,Иван,Максимович,,,
Зуев,Ярослав,Ярославович,,,
Иванов,Иван,Егорович,,,
Иванова,Алиса,Фёдоровна,,,
Карташов,Даниил,Вячеславович,,,
Клюева,Валерия,Кирилловна,,,
Комиссаров,Тимофей,Дмитриевич,,,
Кондратьев,Владимир,Артемьевич,,,
Королькова,Ева,Мироновна,,,
Кузнецов,Всеволод,Дмитриевич,,,
Лебедев,Захар,Русланович,,,
Лебедев,Руслан,Даниилович,,,
Лебедев,Максим,Даниилович,,,
Мальцев,Мирон,Андреевич,,,
Марков,Тимур,Максимович,,,
Мартынов,Валерий,Степанович,,,
Матвеева,Вероника,Ивановна,,,
Медведев,Александр,Никитич,,,
Мещеряков,Матвей,Леонович,,,
Михайлов,Даниил,Иванович,,,
Моисеев,Роман,Даниилович,,,
Моргунов,Игорь,Георгиевич,,,
Муратов,Тимофей,Никитич,,,
Никитина,Юлия,Александровна,,,
Николаев,Кирилл,Даниилович,,,
Овчинников,Владимир,Егорович,,,
Орлов,Матвей,Даниилович,,,
Орлова,Маргарита,Николаевна,,,
Павлова,Ксения,Романовна,,,
Павлова,Кира,Марковна,,,
Пастухов,Даниил,Андреевич,,,
Петрова,Полина,Глебовна,,,
Плотникова,Вероника,Всеволодовна,,,
Плотникова,София,Ивановна,,,
Позднякова,Полина,Дмитриевна,,,
Попов,Роберт,Андреевич,,,
Потапов,Руслан,Артёмович,,,
Потапова,Ярослава,Артемьевна,,,
Прохоров,Роман,Тимофеевич,,,
Раков,Дмитрий,Матвеевич,,,
Розанов,Дмитрий,Сергеевич,,,
Русаков,Илья,Дмитриевич,,,
Смирнов,Иван,Семёнович,,,
Соболев,Артур,Арсеньевич,,,
Соколов,Илья,Андреевич,,,
Соколова,Майя,Антоновна,,,
Степанов,Даниил,Сергеевич,,,
Тарасова,Валерия,Матвеевна,,,
Тихомирова,Юлия,Ильинична,,,
Ткачев,Никита,Робертович,,,
Филиппов,Андрей,Денисович,,,
Фролов,Денис,Арсеньевич,,,
Чернов,Александр,Александрович,,,
Юдина,Дарья,Викторовна,,,